Code switched query,High level class,Lower level class
How do I know my swiggy order is confirmed,SWIGGY,ORDER
food order confirmed hai kaise pata chalega,SWIGGY,ORDER
Mujhe kaise pata chalega swiggy order is confirmed,SWIGGY,ORDER
Mujhe kaise pata chalega order is confirmed ya nahin,SWIGGY,ORDER
how to find if swiggy order pakka hai ya nahin,SWIGGY,ORDER
how to edit my ordering on swiggy place karne ke baad,SWIGGY,ORDER
order rakhane ke baad kaise edit kare,SWIGGY,ORDER
"after placing food order on swiggy, edit kaise kare",SWIGGY,ORDER
after placing swiggy order edit kaise kare,SWIGGY,ORDER
can swiggy order be edited place karne ke baad,SWIGGY,ORDER
swiggy order rakhane ke baad can you edit,SWIGGY,ORDER
can I place food order call karke,SWIGGY,ORDER
kya main call karake food order kar sakata hoon on swiggy,SWIGGY,ORDER
can I call and order khaana on swiggy,SWIGGY,ORDER
how to confirm khaane ka order on swiggy,SWIGGY,ORDER
kya call karake food on swiggy be ordered,SWIGGY,ORDER
how do I cancel mera order on swiggy,SWIGGY,ORDER
swiggy mein order cancel kaise karte hai,SWIGGY,ORDER
swiggy mein food order cancel kar sakate hai kya,SWIGGY,ORDER
can I cancel my khaane ka order in swiggy,SWIGGY,ORDER
show me the steps to cancel my khaane ka order on swiggy,SWIGGY,ORDER
where to find if my swiggy order is confirmed ya nahi,SWIGGY,ORDER
kya ham apana order on swiggy cancel kar sakta hai,SWIGGY,ORDER
where do I edit swiggy ke orders after placing it,SWIGGY,ORDER
"after placing khaane ka order, usko cancel kaise kare",SWIGGY,ORDER
"after placing food order, usko cancel kaise kare",SWIGGY,ORDER
I want to cancel my khaane ka order on swiggy,SWIGGY,ORDER
I want to edit my khaane ka order on swiggy,SWIGGY,ORDER
I want to change my khaane ka order on swiggy,SWIGGY,ORDER
show me the steps to edit my khaane ka order on swiggy,SWIGGY,ORDER
can you show me the steps of how to edit my khaane ka order on swiggy,SWIGGY,ORDER
can you show me the steps of how to cancel my khaane ka order on swiggy,SWIGGY,ORDER
can you show me the steps of how to confirm my khaane ka order on swiggy,SWIGGY,ORDER
main apana order on swiggy cancel karana chaahata hoon,SWIGGY,ORDER
main apana food order on swiggy cancel karana chaahata hoon,SWIGGY,ORDER
swiggy food order confirmed hai kaise pata chalega,SWIGGY,ORDER
kya order on swiggy be cancelled,SWIGGY,ORDER
kya order on swiggy be edited,SWIGGY,ORDER
kya order on swiggy be changed,SWIGGY,ORDER
kya khaane ka order on swiggy be cancelled,SWIGGY,ORDER
kya khaane ka order on swiggy be placed on a call,SWIGGY,ORDER
can I phone and order khaana on swiggy,SWIGGY,ORDER
call karake food order on swiggy order sakate hai kya,SWIGGY,ORDER
kya phone karake food on swiggy be ordered,SWIGGY,ORDER
kya ham apana order on swiggy edit kar sakta hai,SWIGGY,ORDER
call mein kya ham apana order on swiggy de sakate hai,SWIGGY,ORDER
order rakhane ke baad kaise edit kare,SWIGGY,ORDER
can I place food order phone karke,SWIGGY,ORDER
can I order food in swiggy phone karke,SWIGGY,ORDER
phone karke food order de sakate hai kya,SWIGGY,ORDER
kaise confirm kare food ka order on swiggy,SWIGGY,ORDER
How do I know mera swiggy order is confirmed,SWIGGY,ORDER
How do I know mera swiggy order is confirmed ya nahi,SWIGGY,ORDER
How do I know mera khaane ka order is confirmed or not,SWIGGY,ORDER
where do I cancel swiggy ke orders after placing it,SWIGGY,ORDER
How should I place an order swiggy mein,SWIGGY,ORDER
kaise swiggy par ek order place kare,SWIGGY,ORDER
how do I make an order swiggy app mein,SWIGGY,ORDER
dikhao the steps to place order on swiggy,SWIGGY,ORDER
dikhao the steps to edit order on swiggy,SWIGGY,ORDER
dikhao the steps to cancel order on swiggy,SWIGGY,ORDER
kaise confirm kare bhojan ka order on swiggy,SWIGGY,ORDER
when will my order be delivered,SWIGGY,DELIVERY
mera khaana kab deliver hoga,SWIGGY,DELIVERY
kab mera food deliver hoga,SWIGGY,DELIVERY
kitana samay lagega for my food to be delivered,SWIGGY,DELIVERY
kitana samay lagega for swiggy delivery,SWIGGY,DELIVERY
kitana samay mein swiggy delivery aayega,SWIGGY,DELIVERY
kab mera swiggy delivery aayega,SWIGGY,DELIVERY
mera bhojan delivery kab aayega,SWIGGY,DELIVERY
when will my bhojan be delivered,SWIGGY,DELIVERY
mera khaana kab aayega from swiggy delivery,SWIGGY,DELIVERY
kaise jaanch karen ki delivery is free or not,SWIGGY,DELIVERY
how to find if mera delivery in swiggy is free ya nahi,SWIGGY,DELIVERY
how to find if mera delivery in swiggy is free or not,SWIGGY,DELIVERY
kaise pata chalega if my swiggy delivery if free or not,SWIGGY,DELIVERY
will mera swiggy delivery happen the same day,SWIGGY,DELIVERY
will swiggy delivery happen aaj hi,SWIGGY,DELIVERY
kya mera khaana from swiggy delivery come within a day,SWIGGY,DELIVERY
does bhojan ka delivery happen within a day on swiggy,SWIGGY,DELIVERY
will my entire swiggy order come in ek hi delivery,SWIGGY,DELIVERY
kya mera pura delivery come in a single packet,SWIGGY,DELIVERY
will multiple swiggy deliveries happen ek dinn mein,SWIGGY,DELIVERY
can I change my delivery address on swiggy,SWIGGY,DELIVERY
kya delivery ke liye main mera pata change kar sakti hoon,SWIGGY,DELIVERY
can I change mera delivery address on swiggy,SWIGGY,DELIVERY
kya mein mera delivery address on swiggy change kar sakti hoon,SWIGGY,DELIVERY
can I change my delivery address on swiggy call karke,SWIGGY,DELIVERY
call karke can I change my delivery address on swiggy,SWIGGY,DELIVERY
dikhao the steps to track the swiggy delivery,SWIGGY,DELIVERY
steps dikhao to track the swiggy delivery,SWIGGY,DELIVERY
show me the steps to track my bhojan delivery n swiggy,SWIGGY,DELIVERY
what to do if i have problem with mera delivery from swiggy,SWIGGY,DELIVERY
where to complain agar i have a problem with delivery,SWIGGY,DELIVERY
where to lodge complain for swiggy delivery,SWIGGY,DELIVERY
dikhao steps to lodge complain on swiggy delivery,SWIGGY,DELIVERY
why is swiggy not servicable mere address ke liye,SWIGGY,DELIVERY
kitana time lagega for my food to be delivered,SWIGGY,DELIVERY
kitna time lagega for a swiggy delivery,SWIGGY,DELIVERY
kitna time lagega for a food delivery from swiggy,SWIGGY,DELIVERY
kya deliveries on swiggy free hai,SWIGGY,DELIVERY
deliveries on swiggy mupht hai kya,SWIGGY,DELIVERY
kya food deliveries mupht hai on swiggy,SWIGGY,DELIVERY
how to check if my swiggy delivery is mupht or not,SWIGGY,DELIVERY
agar deliveries on swiggy free ho to kaise jaanchen,SWIGGY,DELIVERY
steps dikhao to track my swiggy delivery on the app,SWIGGY,DELIVERY
can i set time for my delivery on swiggy,SWIGGY,DELIVERY
kya time set kar sakate hain for swiggy delivery,SWIGGY,DELIVERY
kya main apane delivery ke liye time nahirdhaarit kar sakata hoon on swiggy,SWIGGY,DELIVERY
kya main apane delivery ke liye time set kar sakata hoon,SWIGGY,DELIVERY
kya main swiggy delivery ke liye time set kar sakati hoon,SWIGGY,DELIVERY
mere swiggy delivery kis prakaar kee jaegee,SWIGGY,DELIVERY
kis prakaar swiggy ki delivery kee jaegee,SWIGGY,DELIVERY
can you pay at the time of delivery swiggy par,SWIGGY,DELIVERY
delivery ke time cash accept hoti hain kya on swiggy,SWIGGY,DELIVERY
will my swiggy delivery be handled with care ya nahi,SWIGGY,DELIVERY
swiggy delivery ke liye paise dene hai kya,SWIGGY,DELIVERY
swiggy delivery ke liye paise dene hai kya or is it free,SWIGGY,DELIVERY
agar swiggy pe food order karo toh is delivery free,SWIGGY,DELIVERY
swiggy mein kab pay karna hai,SWIGGY,PAYMENT
when do i have to pay swiggy par,SWIGGY,PAYMENT
kaunse payment mode sveekaar kiya jaate hai on swiggy,SWIGGY,PAYMENT
is only card accepted on swiggy ya cash bhi,SWIGGY,PAYMENT
is only cash accepted on swiggy ya card bhi accept hota hai,SWIGGY,PAYMENT
is only cash accepted on swiggy ya card bhi,SWIGGY,PAYMENT
kya main credit card par food khareed sakata hoon on swiggy,SWIGGY,PAYMENT
kya main debit card par food khareed sakata hoon on swiggy,SWIGGY,PAYMENT
kya main sodexo card par food khareed sakata hoon on swiggy,SWIGGY,PAYMENT
is credit card accepted on swiggy ya nahi for payment,SWIGGY,PAYMENT
is debit card accepted on swiggy ya nahi for payment,SWIGGY,PAYMENT
is sodexo card accepted on swiggy ya nahi for payment,SWIGGY,PAYMENT
kya paytm ek payment option on swiggy,SWIGGY,PAYMENT
kya phone pay ek payment option on swiggy,SWIGGY,PAYMENT
kya google pay ek payment option on swiggy,SWIGGY,PAYMENT
kya freecharge ek payment option on swiggy,SWIGGY,PAYMENT
kya mobiwik ek payment option on swiggy,SWIGGY,PAYMENT
kya amazon pay ek payment option on swiggy,SWIGGY,PAYMENT
kya sodexo ek payment option on swiggy,SWIGGY,PAYMENT
kya main sodexo card use kar sakata hoon for payment on swiggy,SWIGGY,PAYMENT
kya main paytm use kar sakati hoon for payment on swiggy,SWIGGY,PAYMENT
kya main google pay use kar sakata hoon for payment on swiggy,SWIGGY,PAYMENT
kya main amazon pay use kar sakati hoon for payment on swiggy,SWIGGY,PAYMENT
kya main online pay kar sakati hoon on swiggy,SWIGGY,PAYMENT
does swiggy have vikalp for online payment,SWIGGY,PAYMENT
payment invoice kahan milega,SWIGGY,PAYMENT
mujhe swiggy par payment invoice kahaan milega,SWIGGY,PAYMENT
mujhe payment chaalaan kahaan milega on swiggy app,SWIGGY,PAYMENT
payment chaalaan kahaan milega on swiggy,SWIGGY,PAYMENT
google pay invoice swiggy par kahan milega,SWIGGY,PAYMENT
amazon pay invoice swiggy par kahan milega,SWIGGY,PAYMENT
paytm invoice swiggy par kaahan milega,SWIGGY,PAYMENT
agar i receive wrong goods from swiggy will i get my refund of full payment,SWIGGY,PAYMENT
kya mujhe mera payment refund hoga on swiggy,SWIGGY,PAYMENT
if i receive bad goods on swiggy toh will i get my refund of full payment,SWIGGY,PAYMENT
if i receive wrong goods on swiggy toh will i get my refund of full payment,SWIGGY,PAYMENT
if i get damaged goods on swiggy toh will i get my refund of full payment,SWIGGY,PAYMENT
kya mujhe mera poora payment refund hoga on swiggy,SWIGGY,PAYMENT
mujhe payment invoice kahaan milega on swiggy app,SWIGGY,PAYMENT
mujhe swiggy par payment chalaan kahaan milega,SWIGGY,PAYMENT
paytm chalaan swiggy par kaahan milega,SWIGGY,PAYMENT
kab mujhe mera payment refund milega from swiggy,SWIGGY,PAYMENT
kitna time lagega for payment refund on swiggy,SWIGGY,PAYMENT
kitna samay lagega for payment refund on swiggy,SWIGGY,PAYMENT
freecharge ki payment invoice swiggy par kaahan milega,SWIGGY,PAYMENT
kisko call karna hai for payment clarifications from swiggy,SWIGGY,PAYMENT
swiggy payment helpline number khojo,SWIGGY,PAYMENT
what to do agar paanch baar payment cut hua ho on swiggy,SWIGGY,PAYMENT
payment refund nahi hua from swiggy,SWIGGY,PAYMENT
payment refund nahi hua from swiggy what to do,SWIGGY,PAYMENT
swiggy payment helpline number dhoondo,SWIGGY,PAYMENT
e-aadhaar kaise download karte hain,AADHAAR,E_AADHAAR
Online e-aadhaar kaise milega,AADHAAR,E_AADHAAR
e-aadhaar access kaise karna hai,AADHAAR,E_AADHAAR
How to download e-aadhaar,AADHAAR,E_AADHAAR
e-aadhaar kaise access karen,AADHAAR,E_AADHAAR
e-aadhaar download karo,AADHAAR,E_AADHAAR
Kaise I can get e-aadhaar,AADHAAR,E_AADHAAR
Mujhe e-aadhaar download karna hai,AADHAAR,E_AADHAAR
Online mein aadhaar kaise milega,AADHAAR,E_AADHAAR
Internet se aadhaar milega kya,AADHAAR,E_AADHAAR
e-aadhaar download karna hai,AADHAAR,E_AADHAAR
how to get aadhaar jaldi,AADHAAR,E_AADHAAR
quickly aadhaar kaise milega,AADHAAR,E_AADHAAR
how can i get aadhaar jaldi,AADHAAR,E_AADHAAR
what is e-aadhaar,AADHAAR,E_AADHAAR
e-aadhaar ka use kya hain,AADHAAR,E_AADHAAR
e-aadhaar ko kaise use karthe hain,AADHAAR,E_AADHAAR
download karo e-aadhaar ko,AADHAAR,E_AADHAAR
e-aadhaar kaise istemal karthe hain,AADHAAR,E_AADHAAR
e-aadhaar ko verify kaise karthe hain,AADHAAR,E_AADHAAR
how can I check agar e-aadhaar sahi hain ya nahi,AADHAAR,E_AADHAAR
mujhe online se aadhaar kaise milega,AADHAAR,E_AADHAAR
e-aadhaar ko how can I get,AADHAAR,E_AADHAAR
e-aadhaar kaise open hoga,AADHAAR,E_AADHAAR
e-aadhaar use karne keliye what do I need,AADHAAR,E_AADHAAR
what can I use e-aadhaar open karne keliye,AADHAAR,E_AADHAAR
e-aadhaar access karne keliye kya software use karna hain,AADHAAR,E_AADHAAR
which software use karna hain e-aadhaar open karne keliye,AADHAAR,E_AADHAAR
how to get upayog of e-aadhaar,AADHAAR,E_AADHAAR
e-aadhaar kaise open karthe hain,AADHAAR,E_AADHAAR
kya software chahiye e-aadhaar open karne keliye,AADHAAR,E_AADHAAR
which software can I use e-aadhaar open karne keliye,AADHAAR,E_AADHAAR
kaun sa software e-aadhaar open kartha hain,AADHAAR,E_AADHAAR
which software se e-aadhaar kultha hain,AADHAAR,E_AADHAAR
mujhe e-aadhaar kaise kholna hain,AADHAAR,E_AADHAAR
help chahiye mujhe to open e-aadhaar,AADHAAR,E_AADHAAR
how to get tasalli ki e-aadhaar sahi hain,AADHAAR,E_AADHAAR
how can I get tasalli that e-aadhaar correct hain,AADHAAR,E_AADHAAR
kaise check karoon e-aadhaar correct hain,AADHAAR,E_AADHAAR
what is e-aadhaar ka istemaal,AADHAAR,E_AADHAAR
what is e-aadhaar ka upayog,AADHAAR,E_AADHAAR
physical aadhaar and e-aadhaar mein antar kya hain,AADHAAR,E_AADHAAR
kya physical aadhaar and e-aadhaar alag hain,AADHAAR,E_AADHAAR
e-aadhaar and physical aadhaar mein difference kya hain,AADHAAR,E_AADHAAR
kya e-aadhaar itself physical aadhaar hain,AADHAAR,E_AADHAAR
is e-aadhaar aur physical aadhaar vahee hain,AADHAAR,E_AADHAAR
kya e-aadhaar aur physical aadhaar same hain,AADHAAR,E_AADHAAR
check if mera e-aadhaar sahi hain,AADHAAR,E_AADHAAR
verify mera e-aadhaar,AADHAAR,E_AADHAAR
how can I check e-aadhaar sahi hain ya nahi,AADHAAR,E_AADHAAR
e-aadhaar validate kaise karthe hain,AADHAAR,E_AADHAAR
what is e-aadhaar ka password,AADHAAR,E_AADHAAR
Mujhe e-aadhaar ka password chahiye,AADHAAR,E_AADHAAR
e-aadhaar ka password kya hain,AADHAAR,E_AADHAAR
Can I get my Aadhaar letter download online after updation,AADHAAR,UPDATE
kya main updation ke baad apana aadhaar patr online download kar sakata hoon,AADHAAR,UPDATE
kya main aadhaar online update kar sakata hoon,AADHAAR,UPDATE
kya main aadhaar online update aur download kar sakata hoon,AADHAAR,UPDATE
Can I get my Aadhaar letter download online updation ke baad,AADHAAR,UPDATE
Can I get mera updated Aadhaar online,AADHAAR,UPDATE
Can I get mera updated Aadhaar patr online,AADHAAR,UPDATE
can i download mera update aadhaar patr online,AADHAAR,UPDATE
main updation ke baad apana aadhaar patr online kahaan se praapt kar sakata hoon,AADHAAR,UPDATE
where can i get mera updated aadhaar online patr,AADHAAR,UPDATE
kahaan se updated online aadhaar patr milega,AADHAAR,UPDATE
kya updation ke baad mujhe phir se aadhaar patr milega,AADHAAR,UPDATE
after updation kya mujhe phir se aadhaar patr milega,AADHAAR,UPDATE
kya updation ke baad will i get new aadhaar card,AADHAAR,UPDATE
kaise updated aadhaar card milega,AADHAAR,UPDATE
kahaan se updated aadhaar card milega,AADHAAR,UPDATE
updated aadhaar card kahaan se praapt hoga,AADHAAR,UPDATE
will i get a naya aadhaar card on updation,AADHAAR,UPDATE
kya naya aadhaar card milta hai after updation,AADHAAR,UPDATE
aadhaar updation hone mein kitana samay lagata hai,AADHAAR,UPDATE
aadhaar updation hone mein kitana time lagata hai,AADHAAR,UPDATE
how long does it take aadhaar card updation hone mein,AADHAAR,UPDATE
how much time does it take for aadhaar card updation hone mein,AADHAAR,UPDATE
aadhaar card updation hone mein how long does it take,AADHAAR,UPDATE
kitana time lagta hai aadhaar card updation hone mein,AADHAAR,UPDATE
kya aadhaar updation ke baad will my number change,AADHAAR,UPDATE
after updating aadhaar will my number change,AADHAAR,UPDATE
I have my mobile number registered in Aadhaar par I want to change it with my second number kya online kar sakate hai,AADHAAR,UPDATE
I have my mobile number registered in Aadhaar but I want to update it with my doosra number kya online kar sakate hai,AADHAAR,UPDATE
I have ek mobile number registered in Aadhaar par I want to change it with aur ek number kya yeh online kar sakate hai,AADHAAR,UPDATE
kya aadhaar mein number update kar sakate hai,AADHAAR,UPDATE
kya aadhaar mein name ki spelling update kar sakate hai,AADHAAR,UPDATE
kya aadhaar mein address change kar sakate hai,AADHAAR,UPDATE
can i update ghar ka pata on aadhaar,AADHAAR,UPDATE
can i change mera naam on aadhaar,AADHAAR,UPDATE
can i update mera address on aadhaar,AADHAAR,UPDATE
kya fields can be updated on aadhaar,AADHAAR,UPDATE
kaunse fields on an aadhar card can be changed,AADHAAR,UPDATE
kya aadhaar fields update karne ke liye fees dena hai,AADHAAR,UPDATE
what is the fee for updating vivaran on aadhaar card,AADHAAR,UPDATE
kya aadhaar card details ko updation karne ke lie koi shulk shaamil hai,AADHAAR,UPDATE
kya aadhaar vivaran mein updation ke lie koi shulk shaamil hai,AADHAAR,UPDATE
kya aadhaar card details mein change karvane ke lie koi fees shaamil hai,AADHAAR,UPDATE
what is the fee for updating ghar ka pata on aadhaar card,AADHAAR,UPDATE
kaunse details i can update on aadhaar card agar I am visiting Permanent Enrolment centre,AADHAAR,UPDATE
What details can I get updated on aadhaar agar I am visiting Permanent Enrolment centre,AADHAAR,UPDATE
zaroori hai kya ki mera mobile number should be registered with Aadhaar while requesting for any kind of updation,AADHAAR,UPDATE
Is it necessary ki mera mobile number should be registered with Aadhaar while requesting for any kind of updation,AADHAAR,UPDATE
kaunse supporting documents are needed for updating aadhaar card,AADHAAR,UPDATE
kaunse supporting documents zaroori hai for updating aadhaar card,AADHAAR,UPDATE
kya aadhaar mein biometrics update kar sakate hai,AADHAAR,UPDATE
kya aadhaar mein fingerprints update kar sakate hai,AADHAAR,UPDATE
kya aadhaar mein ungaliyon ke nishaan update kar sakate hai,AADHAAR,UPDATE
kya aadhaar mein photograph update kar sakate hai,AADHAAR,UPDATE
kya aadhaar mein photograph change kar sakate hai,AADHAAR,UPDATE
kya aadhaar mein iris change kar sakate hai,AADHAAR,UPDATE
kya aadhaar mein iris ki picture change kar sakate hai,AADHAAR,UPDATE
Do I need to visit same enrolment centre for aadhar updation jahan par my original enrolment was done,AADHAAR,UPDATE
Do I need to visit same enrolment centre for aadhar updation jahan par pehele it was done,AADHAAR,UPDATE
Does submission of request guarantee pakka updation of information in aadhaar,AADHAAR,UPDATE
aadhaar card kya hai,AADHAAR,FEATURES
aadhaar patr kya hai,AADHAAR,FEATURES
aadhaar card kyu chahiye,AADHAAR,FEATURES
kya aadhar card important hai,AADHAAR,FEATURES
should all Indian citizens have aadhaar patr,AADHAAR,FEATURES
should all bhaarateey naagarik have aadhaar card,AADHAAR,FEATURES
kya sabhee bhaarateey naagarikon ke paas aadhaar card hona chaahie,AADHAAR,FEATURES
kya sabhee ke paas aadhaar card hona chaahie,AADHAAR,FEATURES
aadhaar card hona compulsory hai kya,AADHAAR,FEATURES
kya uses hai aadhaar card ke,AADHAAR,FEATURES
dikhao eligibility criteria for aadhar card,AADHAAR,FEATURES
dikhao steps to apply for aadhar card,AADHAAR,FEATURES
kya supporting documents chahiye for applying a aadhaar card,AADHAAR,FEATURES
kya NRI ko bhi aadhaar card applicable hai,AADHAAR,FEATURES
benefits kya hai aadhaar card ke,AADHAAR,FEATURES
aadhaar praapt karane ke lie kya jaanakaaree aavashyak hai,AADHAAR,FEATURES
aadhaar authentication kya hai,AADHAAR,FEATURES
benefits kya hai for authenticating aadhaar card,AADHAAR,FEATURES
kya Aadhaar different hai from any other identity issued by the government,AADHAAR,FEATURES
aadhaar aur pan card different hai kya,AADHAAR,FEATURES
aadhaar aur passport same hai kya,AADHAAR,FEATURES
is aadhaar patr and pan card same,AADHAAR,FEATURES
kitne digit ka aadhaar number hota hai,AADHAAR,FEATURES
kya aadhaar card authentication involve OTP,AADHAAR,FEATURES
kya ek NRI aadhaar card ke lie apply kar sakata hai,AADHAAR,FEATURES
kya mera international number aadhaar card ke liye use ho sakata hai,AADHAAR,FEATURES
dikhao process for NRI to apply for aadhaar,AADHAAR,FEATURES
kya passport aur aadhaar mein pata same hone chahiye,AADHAAR,FEATURES
dikhao process for NRI aadhaar enrollment,AADHAAR,FEATURES
how many aadhaar seva kendra are outside india,AADHAAR,FEATURES
how many aadhaar seva kendra are in india,AADHAAR,FEATURES
Can I update my Aadhaar at Aadhaar Seva Kendra,AADHAAR,FEATURES
What are the timings of Aadhaar Seva Kendra,AADHAAR,FEATURES
Are the services charges different for Aadhaar Seva Kendra,AADHAAR,FEATURES
can i lodge complain at aadhaar seva kendra,AADHAAR,FEATURES
Is the Aadhaar centre at my nearby bank also an Aadhaar Seva Kendra,AADHAAR,FEATURES
Is the Aadhaar centre at my post office also an Aadhaar Seva Kendra,AADHAAR,FEATURES
What is the service process at Aadhaar Seva Kendra,AADHAAR,FEATURES
kya mein appointment for Aadhaar card book kar sakati hoon,AADHAAR,FEATURES
can i file complains at aadhaar seva kendra,AADHAAR,FEATURES
Can I change my Aadhaar photo at Aadhaar Seva Kendra,AADHAAR,FEATURES
Swine flu ke symptoms kya hain?,MEDICAL,SYMPTOMS
What are the lakshan of coronavirus?,MEDICAL,SYMPTOMS
Coronavirus ka symptoms kya hain,MEDICAL,SYMPTOMS
Dengue ka symptoms kya hain,MEDICAL,SYMPTOMS
Mujhe dengue ka symptoms kaise pata chalega,MEDICAL,SYMPTOMS
What are the prabhaav of dengue,MEDICAL,SYMPTOMS
Kya effects hain of coronavirus,MEDICAL,SYMPTOMS
How can i check mujhe Coronavirus hain ya nahi,MEDICAL,SYMPTOMS
Kaise check karoon for coronavirus,MEDICAL,SYMPTOMS
Symptoms kya hain coronavirus ke,MEDICAL,SYMPTOMS
What are the prabhaav of coronavirus,MEDICAL,SYMPTOMS
Coronavirus ka checking kaise karen,MEDICAL,SYMPTOMS
How can I know the prabhaav of coronavirus,MEDICAL,SYMPTOMS
How can I know the prabhaav of dengue,MEDICAL,SYMPTOMS
How can I know the prabhaav of swine flu,MEDICAL,SYMPTOMS
Swine flu ka effects kay hain,MEDICAL,SYMPTOMS
Swine flu ka checking kaise karen,MEDICAL,SYMPTOMS
How can I check mujhe swine flu hain ya nahi,MEDICAL,SYMPTOMS
What are the swine flu ke asar,MEDICAL,SYMPTOMS
What are the coronavirus ke asar,MEDICAL,SYMPTOMS
What are the dengue ke asar,MEDICAL,SYMPTOMS
Malaria ke effects kya hain,MEDICAL,SYMPTOMS
Dengue ke effects kya hain,MEDICAL,SYMPTOMS
Swine flu ke effects kya hain,MEDICAL,SYMPTOMS
Coronavirus ke effects kya hain,MEDICAL,SYMPTOMS
Malaria ka checking kaise hoga,MEDICAL,SYMPTOMS
How can I know mujhe malaria hua hain ya nahi,MEDICAL,SYMPTOMS
What are the asar of malaria,MEDICAL,SYMPTOMS
What are the asar of swine flu,MEDICAL,SYMPTOMS
How can I know the prabhaav of malaria,MEDICAL,SYMPTOMS
Mujhe malaria ka symptoms kya hai tell,MEDICAL,SYMPTOMS
I want to know the asar of malaria,MEDICAL,SYMPTOMS
I want to know malaria ko pata kaise karthe hain,MEDICAL,SYMPTOMS
When will the symptoms of coronavirus dekhana shuru honge,MEDICAL,SYMPTOMS
When will the asar of coronavirus start to show,MEDICAL,SYMPTOMS
Common cold aur coronavirus ka symptoms kitne different hain,MEDICAL,SYMPTOMS
Malaria and coronavirus ka asar kitna different hain,MEDICAL,SYMPTOMS
How different are the prabhaav of coronavirus and malaria,MEDICAL,SYMPTOMS
Symptoms of coronavirus and malaria kitne different,MEDICAL,SYMPTOMS
Swine flu and coronavirus ka symptoms kitne alag hain,MEDICAL,SYMPTOMS
Mujhe common cold ka symptons dhekna hain,MEDICAL,SYMPTOMS
What are the asar of common cold,MEDICAL,SYMPTOMS
Common cold ka effect kya hain,MEDICAL,SYMPTOMS
Common cold ka symptoms kya hain,MEDICAL,SYMPTOMS
How different are the prabhaav of common cold and malaria,MEDICAL,SYMPTOMS
Coronavirus ka effects common cold se kitne different hain,MEDICAL,SYMPTOMS
Kya headache coronavirus ka ek symptom hain,MEDICAL,SYMPTOMS
Is headache one of the asar of coronavirus,MEDICAL,SYMPTOMS
Kya headache malaria ka ek symptom hain,MEDICAL,SYMPTOMS
Is headache one of the asar of malaria,MEDICAL,SYMPTOMS
Is high fever one of the asar of swine flu,MEDICAL,SYMPTOMS
Headache aur high fever kiska symptom hain,MEDICAL,SYMPTOMS
"Headache, fever aur vomitting kiska symptoms hain",MEDICAL,SYMPTOMS
"Vomitting, fever, headache kaunasa disease ke symptoms hain",MEDICAL,SYMPTOMS
Which disease ka asar headache hain,MEDICAL,SYMPTOMS
How different are the prabhaav of common cold and swine flu,MEDICAL,SYMPTOMS
Vomitting and headache kiske symptoms hain,MEDICAL,SYMPTOMS
Coronavirus ka checking headache confirm kartha hai kya,MEDICAL,SYMPTOMS
Cornavirus and common flu ke lakshan kitne different hain,MEDICAL,SYMPTOMS
Swine flu aur common cold ke lakshan kitne different hain,MEDICAL,SYMPTOMS
Headache ek symptom hai kya coronavirus ka,MEDICAL,SYMPTOMS
Common flu ka lakshan fever hai kya,MEDICAL,SYMPTOMS
corona virus ka treatment kya hai,MEDICAL,TREATMENT
dengue kaise treat karte hai,MEDICAL,TREATMENT
headache ka jaldi ilaaj do,MEDICAL,TREATMENT
malaria ka ilaaj kya hai,MEDICAL,TREATMENT
nauseousness ko treat kaise karte hai,MEDICAL,TREATMENT
itching throat ka immediate ilaaj kya hai,MEDICAL,TREATMENT
mujhe dengue hai how to treat it,MEDICAL,TREATMENT
i have swine flu iska ilaaj hai kya,MEDICAL,TREATMENT
immediate treatment for food poisoning kya hai,MEDICAL,TREATMENT
dikhao heart attack patient ko treat kaise karte hai,MEDICAL,TREATMENT
how to treat patient jisko dengue hai,MEDICAL,TREATMENT
how to treat a patient jisko malaria hai,MEDICAL,TREATMENT
how to treat a patient jisko jaundice hai,MEDICAL,TREATMENT
jaundice ho toh kaise treat karein,MEDICAL,TREATMENT
vomiting ko treat karne ke lie dava batao,MEDICAL,TREATMENT
pimple ko kaise treat karein,MEDICAL,TREATMENT
kya dengue or malaria ka ilaaj same hai,MEDICAL,TREATMENT
kya dengue or malaria ka treatment same hai,MEDICAL,TREATMENT
kya swineflu or malaria ka ilaaj same hai,MEDICAL,TREATMENT
jaundice ho toh kaise ilaaj karein,MEDICAL,TREATMENT
does swine flu have a treatment ya nahi,MEDICAL,TREATMENT
does corona virus have a treatment ya abhi tak nahi,MEDICAL,TREATMENT
kitana samay lagata hai for treating dengue,MEDICAL,TREATMENT
kitana samay lagata hai for treating malaria,MEDICAL,TREATMENT
kitana time lagata hai for treating corona,MEDICAL,TREATMENT
kitana time lagata hai dengue ka ilaaj karne ke lie,MEDICAL,TREATMENT
dengue ka ilaaj karne mein kitna time lagta hai,MEDICAL,TREATMENT
malaria ka ilaaj karne mein kitna samay lagta hai,MEDICAL,TREATMENT
is there a treatment for swine flu ya nahi,MEDICAL,TREATMENT
is there a treatment for corona virus ya nahi,MEDICAL,TREATMENT
is there a treatment for dengue ya nahi,MEDICAL,TREATMENT
can pimples be treated ek dinn mein,MEDICAL,TREATMENT
can pimples be treated chaar dinn mein,MEDICAL,TREATMENT
can jaundice be treated ek mahine mein,MEDICAL,TREATMENT
can corona be treated ek mahine mein,MEDICAL,TREATMENT
kaunsa hospital malaria ka treatment deta hai,MEDICAL,TREATMENT
kaunsa hospital dengue ka ilaaj deta hai,MEDICAL,TREATMENT
which hospital provides ilaaj for corona virus,MEDICAL,TREATMENT
which hospital provides treatment for corona virus,MEDICAL,TREATMENT
kaunsa hospital accomodates and treats dengue patients,MEDICAL,TREATMENT
kaunsa hospital accomodates and treats jaundice patients,MEDICAL,TREATMENT
kaunsa hospital corona ka treatment deta hai,MEDICAL,TREATMENT
dengue ko prevent kar sakate hai kya,MEDICAL,PREVENTION
malaria ko prevent kar sakate hai kya,MEDICAL,PREVENTION
jaundice ko prevent kar sakate hai kya,MEDICAL,PREVENTION
dikhao measures to prevent malaria,MEDICAL,PREVENTION
dikhao steps to prevent dengue,MEDICAL,PREVENTION
dikhao measures to prevent corona virus from spreading,MEDICAL,PREVENTION
kya steps le sakate hai to prevent dengue,MEDICAL,PREVENTION
kya measures le sakate hai to prevent jaundice,MEDICAL,PREVENTION
dikhao measures to stop corona from spreading,MEDICAL,PREVENTION
how can we prevent corona ka phailana,MEDICAL,PREVENTION
how to control corona ka phailana,MEDICAL,PREVENTION
how to control swine flu ka phailana,MEDICAL,PREVENTION
ham malaria ka phailana kaise stop kar sakate hai,MEDICAL,PREVENTION
swine flu ka phailana kaise stop kar sakate hai,MEDICAL,PREVENTION
how to stay surakshit from malaria,MEDICAL,PREVENTION
how to stay surakshit from coronavirus,MEDICAL,PREVENTION
coronavirus ko kaise prevent kar sakate hai,MEDICAL,PREVENTION
coronavirus ka preventive upaay kya hai,MEDICAL,PREVENTION
malaria ka preventive upaay kya hai,MEDICAL,PREVENTION
What are the preventive upaay for common cold,MEDICAL,PREVENTION
how can i prevent corona hone se,MEDICAL,PREVENTION
mujhe corona prevent karane ke lie kya karana hai,MEDICAL,PREVENTION
mujhe common cold prevent karane je lie kya karana padega,MEDICAL,PREVENTION
What preventions should I take ki swine flu mujhe na aaie,MEDICAL,PREVENTION
What preventions should i take ki coronavirus mujhe na aaie,MEDICAL,PREVENTION
Regular yoga se common cold prevent hoga kya,MEDICAL,PREVENTION
Yoga kaunse disease prevent karega,MEDICAL,PREVENTION
Honey upayog kaunse disease prevent kartha hai,MEDICAL,PREVENTION
Lukewarm water kya disease prevent kartha hai,MEDICAL,PREVENTION
Common cold ko kaise prevent karthe hain,MEDICAL,PREVENTION
mujhe kya precautions lena hai to avoid coronavirus,MEDICAL,PREVENTION
mujhe kaunse precautions lena hain to prevent malaria,MEDICAL,PREVENTION
kya precautions lena hain to prevent swine flu,MEDICAL,PREVENTION
kaise coronavirus ka spread stop kar sakte hain,MEDICAL,PREVENTION
malaria ka spread kaise stop kar sakte hain,MEDICAL,PREVENTION
what to do ki coronavirus ka spread stop hojaye,MEDICAL,PREVENTION
swine flu ka spread ruken keliye what to do,MEDICAL,PREVENTION
what to do malaria spread rukne keliye,MEDICAL,PREVENTION
kya precautions upayog hoga to prevent common cold,MEDICAL,PREVENTION
headache prevent karne keliye luckwarm water lena hain kya,MEDICAL,PREVENTION
honey lene se common flu prevent karega kya,MEDICAL,PREVENTION
kya precautions upayog hoga to prevent malaria,MEDICAL,PREVENTION
ghaar mein rehene se coronavirus prevent hoga kya,MEDICAL,PREVENTION
social distancing se coronavirus stop hoga kya,MEDICAL,PREVENTION
social distances kitna important hai to stop coronavirus,MEDICAL,PREVENTION
social distances kaise coronavirus stop karega,MEDICAL,PREVENTION
handwash karne se coronavirus prevent hoga kya,MEDICAL,PREVENTION
regular handwash karna kitna important hai to prevent coronavirus,MEDICAL,PREVENTION
kitna time tak handwash karne se coronavirus se safe we can be,MEDICAL,PREVENTION
handwash will prevent hamein from kaunse disease,MEDICAL,PREVENTION
What preventive measures should i take ki common cold mujhe na aaie,MEDICAL,PREVENTION
What preventive measures should i take ki swine flu mujhe na aaie,MEDICAL,PREVENTION
kab doctor ko call karna hai about food poisoning,MEDICAL,TREATMENT
kya tips hai to treat broken toenails at home,MEDICAL,TREATMENT
kya tips hai to treat broken fingernails at home,MEDICAL,TREATMENT
kaise my child's bruised or swollen eye treat ka sakate hai,MEDICAL,TREATMENT
kaise swollen eye ghar pe theek karein,MEDICAL,TREATMENT
infection ke signs kya hai,MEDICAL,SYMPTOMS
septic signs kya hai,MEDICAL,SYMPTOMS
kaise wasp sting ko treat karein,MEDICAL,TREATMENT
kaise bee sting ko treat karein,MEDICAL,TREATMENT
sunburn ko kaise treat karein,MEDICAL,TREATMENT
tan treatment ke tips do,MEDICAL,TREATMENT
blister ko drain kaise karte hai,MEDICAL,TREATMENT
mosquito bite ko treat kasie karte hai,MEDICAL,TREATMENT
bacho ke liye heat rash treatment batao,MEDICAL,TREATMENT
how to treat scars from ghehera cuts,MEDICAL,TREATMENT
how to treat burn marks in bachein,MEDICAL,TREATMENT
spider bite ka treatment hai kya,MEDICAL,TREATMENT
minor cut ko clean kaise karte hai,MEDICAL,TREATMENT
quick dehydration treatments batao,MEDICAL,TREATMENT
Find the nearest sabzee shop,GENERIC,SHOW_NEAREST
Show me the closest kiraana store,GENERIC,SHOW_NEAREST
Closest jhoote ki dukaan,GENERIC,SHOW_NEAREST
Find me the nearest darjeewala,GENERIC,SHOW_NEAREST
Search the closest mithaeewala,GENERIC,SHOW_NEAREST
Find me the nearest dhoodwala,GENERIC,SHOW_NEAREST
Find me the nearest hajjam shop,GENERIC,SHOW_NEAREST
Find me the closest istiri shop,GENERIC,SHOW_NEAREST
Show me the nearest mocheewala,GENERIC,SHOW_NEAREST
Search for machhalee dukaan around me,GENERIC,SHOW_NEAREST
Show the nearest kapade ki dukaan,GENERIC,SHOW_NEAREST
Find nearest khaane ki dukaan,GENERIC,SHOW_NEAREST
find nearest dava kee dukhaana,GENERIC,SHOW_NEAREST
Show me the directions to the nearest dhoodwala,GENERIC,SHOW_NEAREST
Show me the directions to baajaar,GENERIC,SHOW_NEAREST
Search for pustakaalay,GENERIC,SHOW_NEAREST
Show the nearest dhobeeghar,GENERIC,SHOW_NEAREST
Find me the nearest aspataal,GENERIC,SHOW_NEAREST
Show the nearest mithaee kee dukaan,GENERIC,SHOW_NEAREST
Search the closest kapade kee dukaan,GENERIC,SHOW_NEAREST
Show the nearest dava kee dukaan,GENERIC,SHOW_NEAREST
Find nearest chappal kee dukaan,GENERIC,SHOW_NEAREST
Show me the directions to the nearest sharaab kee dukaan,GENERIC,SHOW_NEAREST
Show the nearest aabhooshan kee dukaan,GENERIC,SHOW_NEAREST
Find me the nearest phal kee dukaan,GENERIC,SHOW_NEAREST
Show me the directions to the nearest sabjee mandee,GENERIC,SHOW_NEAREST
Find me the nearest nrty kakshaen,GENERIC,SHOW_NEAREST
Find me the nearest sangeet kakshaen,GENERIC,SHOW_NEAREST
Search the closest mandir,GENERIC,SHOW_NEAREST
Show me the nearest nagarakshak,GENERIC,SHOW_NEAREST
Show nearest chikitsalay,GENERIC,SHOW_NEAREST
FInd me the closest dharji,GENERIC,SHOW_NEAREST
Closest way to bazaar,GENERIC,SHOW_NEAREST
Nearest chai ki dukaan,GENERIC,SHOW_NEAREST
Closest way to udayanavaan,GENERIC,SHOW_NEAREST
Search for closest cricket maidaan,GENERIC,SHOW_NEAREST
Nearest dava ki dukaan,GENERIC,SHOW_NEAREST
Find me nearest sabzi ki dukhaan,GENERIC,SHOW_NEAREST
Show directions for closest mandir,GENERIC,SHOW_NEAREST
Find electronics dukhaan near me,GENERIC,SHOW_NEAREST
Nearest bhageecha,GENERIC,SHOW_NEAREST
Nearest chai tapri,GENERIC,SHOW_NEAREST
Find darjeewala near me,GENERIC,SHOW_NEAREST
Show the directions to pustakaalay,GENERIC,SHOW_NEAREST
Show bank jaane ka rasta,GENERIC,SHOW_NEAREST
Bus stop kaha hai,GENERIC,SHOW_NEAREST
Railway station kaha aata hai,GENERIC,SHOW_NEAREST
Mujhe bus stop ka direction dikhao,GENERIC,SHOW_NEAREST
Set an alarm 6 baje ke liye,GENERIC,REMINDER
Remind me kal doctor ka appointment hai,GENERIC,REMINDER
Remind me chaar baje movie jaana hai,GENERIC,REMINDER
Remind kal dentist ka appointment hai,GENERIC,REMINDER
Remind 27th december ko flight hai,GENERIC,REMINDER
Remind kal car servicing center jana hai,GENERIC,REMINDER
Note kal dentist ka appointment hai,GENERIC,REMINDER
Set an alarm nau baje ke liye,GENERIC,REMINDER
Set an alarm gyaraha baje ke liye,GENERIC,REMINDER
Remind 27th december ko flight hai,GENERIC,REMINDER
Remind me aaj raat flight book karna hai,GENERIC,REMINDER
Remind 27th january ko bus hai,GENERIC,REMINDER
Remind 27th february ko train hai,GENERIC,REMINDER
Alarm set karo das baje ke liye,GENERIC,REMINDER
Alarm set karo nau baje ke liye,GENERIC,REMINDER
Remind me 7 baje movie jaana hai,GENERIC,REMINDER
Remind me kal groceries lena hai,GENERIC,REMINDER
Remind me 7 baje dentist ke yahan jaana hai,GENERIC,REMINDER
Remind me tomorrow subzi lena hai,GENERIC,REMINDER
Remind me kal electicity bill pay karna hai,GENERIC,REMINDER
Remind me kal subzi khareed na hai,GENERIC,REMINDER
Remind me 25th ko paani ka bill pay karna hai,GENERIC,REMINDER
Remind me kal gas order karna hai,GENERIC,REMINDER
Remind me kal electicity ka bill pay karna hai,GENERIC,REMINDER
Remind me 29th ko phone bill karna hota hai,GENERIC,REMINDER
Remind me 15th ko phone bill pay karna hai,GENERIC,REMINDER
Alarm set karo nau baje bus ke liye,GENERIC,REMINDER
Alarm set karo nau baje manager ke saath meeting hai,GENERIC,REMINDER
Alarm set karo nau baje client ke saath meeting hai,GENERIC,REMINDER
Alarm set karo nau baje inteview call hai,GENERIC,REMINDER
Remind me kal maa ko call karna hai,GENERIC,REMINDER
Remind me kal papa ko paise bhejne hai,GENERIC,REMINDER
Remind me kal didi ko raakhi gift bhejne hai,GENERIC,REMINDER
Remind me kal papa ko medicines bhejne hai,GENERIC,REMINDER
Alarm set karo che baje inteview hai,GENERIC,REMINDER
Alarm set karo che baje serial release hai,GENERIC,REMINDER
Alarm set karo teen baje mall jaana hai,GENERIC,REMINDER
Alarm set karo che baje hospital appointment hai,GENERIC,REMINDER
Remind me 17th ko English assignment submit karna hai,GENERIC,REMINDER
Remind me 15th ko Maths ka assignment dena hai,GENERIC,REMINDER
Remind me 17th ko match jana hai,GENERIC,REMINDER
Remind me 14th ko mera football hai,GENERIC,REMINDER
Note 14th october dusshera hai,GENERIC,REMINDER
Note 15Th august office ka holiday,GENERIC,REMINDER
Remind me kal teacher ko email bhejna hai,GENERIC,REMINDER
Remind me 19Th ko Physics test hai,GENERIC,REMINDER
Remind me kal friend ke liye gift khareedna hai,GENERIC,REMINDER
Remind me kal to wish my friend,GENERIC,REMINDER
Note 18th may maa ka birthday hai,GENERIC,REMINDER
Note 18th may bhaiya ka birthday hai,GENERIC,REMINDER
kal 5 o'clock ko remind karo to go to the dentist,GENERIC,REMINDER
aaj 10 o'clock ko remind karo to go to the salon,GENERIC,REMINDER
kal 5 o'clock ko remind karo dentist ke yahan jaana hai,GENERIC,REMINDER
aaj 5 o'clock ko remind karo ki i have to go the gym,GENERIC,REMINDER
12 o'clock alarm rakho to wish my friend for her birthday,GENERIC,REMINDER
Note 25th december ko christmas hai,GENERIC,REMINDER
Note karna Prestige movie dekhna hai,GENERIC,REMINDER
note karna limitless is a nice movie,GENERIC,REMINDER
1st ko remind karna party hai,GENERIC,REMINDER
8th ko remind karna ki ghar ki electiricity bill pay karni hai,GENERIC,REMINDER
12th ko remind karna netflix subscription cancel karna hai,GENERIC,REMINDER
aaj raat remind karna prime subscription cancel karna hai,GENERIC,REMINDER
17th feb ko remind karna netflix subscription cancel karna hai,GENERIC,REMINDER
12th ko remind karna youtube subscription is to be cancelled,GENERIC,REMINDER
remind me 13th i have to submit maths ka assignment,GENERIC,REMINDER
remind karna 18th 6 pm passport verification hai,GENERIC,REMINDER
7 am ko alarm rakhna,GENERIC,REMINDER
9 am ko wake up alarm set karo,GENERIC,REMINDER
aaj 11 am ko wake up alarm,GENERIC,REMINDER
10 baje alarm rakhna,GENERIC,REMINDER
Note karna 17th ko ghar jaana hai,GENERIC,REMINDER
Note kardo 14th 3 pm birthday party hai,GENERIC,REMINDER
set an alarm 9 pm dinner ke liye,GENERIC,REMINDER
alarm set karna at 11am to take my pills,GENERIC,REMINDER
note karna to listen to imagine dragons,GENERIC,REMINDER
note karna to listen to coldplay,GENERIC,REMINDER
note karna to watch shutter island,GENERIC,REMINDER
note karna to read black beauty,GENERIC,REMINDER
remind me 14th ko danbrown book release hone wala hai,GENERIC,REMINDER
set an alarm tuesdays 1 pm to watch naye episodes of blindspot,GENERIC,REMINDER
har wednesday 7 am ko alarm rakhna,GENERIC,REMINDER
aaj saare alarms cancel karna,GENERIC,REMINDER
kal ke saare alarms cancel kardo,GENERIC,REMINDER
kal gaadi servicing dena hai remind kardena,GENERIC,REMINDER
remind me kal saare bills pay karne hai,GENERIC,REMINDER
note karna joker is a nice movie,GENERIC,REMINDER
note karna to listen to justin beiber,GENERIC,REMINDER
remind karna 15th ko vote dene jaana hai,GENERIC,REMINDER
remind me 10th 1 pm ko passport verification hai,GENERIC,REMINDER
remind me 15th ko vaccination lene jaana hai,GENERIC,REMINDER
remind me 17th ko check up hai,GENERIC,REMINDER
remind me 18th ko maa ko check up ke lie le jaana hai,GENERIC,REMINDER
remind me 12th ko polio vaccination day hai,GENERIC,REMINDER
set an alarm at 5 pm radio sune ke lie,GENERIC,REMINDER
set an alarm har gante to take a break from screen,GENERIC,REMINDER
alarm set karna to take my dog for a walk,GENERIC,REMINDER
har shaniwaar ko 7 am ko alarm rakhna,GENERIC,REMINDER
note karna maths assignment ruled book mein likhna hai,GENERIC,REMINDER
note karna mujhe gaadi ki servicing karani hai,GENERIC,REMINDER
set an alarm at aath baje,GENERIC,REMINDER
show me maarg to sabzi shop,GENERIC,SHOW_NEAREST
show me closest subzi shop,GENERIC,SHOW_NEAREST
nearest phal ka shop kahaan hai,GENERIC,SHOW_NEAREST
closest kiraani shop dikhao,GENERIC,SHOW_NEAREST
agar koi library aas paas ho toh dikhao,GENERIC,SHOW_NEAREST
koi book store paas mein hai kya,GENERIC,SHOW_NEAREST
kahin paas mein darzi ki dukhaan hai kya,GENERIC,SHOW_NEAREST
koi paas wala sabzi shop ka raasta dikhao,GENERIC,SHOW_NEAREST
nearest book store ka maarg dikhao,GENERIC,SHOW_NEAREST
nearest library ka pata dikhao,GENERIC,SHOW_NEAREST
agar koi electronics ki dukhaan aas paas ho toh dikhao,GENERIC,SHOW_NEAREST
closest mithaee kee dukaan dikhao,GENERIC,SHOW_NEAREST
Railway station ka pata do,GENERIC,SHOW_NEAREST
bus station kahan padta hai,GENERIC,SHOW_NEAREST
aas paas petroleum bank hai kya,GENERIC,SHOW_NEAREST
kahin paas mein daaru ki dukhaan khula hai kya,GENERIC,SHOW_NEAREST
paas mein kaunsi mall khuli hai,GENERIC,SHOW_NEAREST
aaj kaunsi mall near me is open,GENERIC,SHOW_NEAREST
aaj kaunsi restuarants bandh hai,GENERIC,SHOW_NEAREST
nikatatam doodhavaala dikhao,GENERIC,SHOW_NEAREST
nikatatam mein koi petrol bank dikhaen,GENERIC,SHOW_NEAREST
nikatatam petrol bank dikhaen,GENERIC,SHOW_NEAREST
nikatatam mein koi park hai toh dikhaen,GENERIC,SHOW_NEAREST
metro station ka pata do,GENERIC,SHOW_NEAREST
Railway station ka maarg dedo,GENERIC,SHOW_NEAREST
nearest metro station kaunsa hai,GENERIC,SHOW_NEAREST
nearest metro station kitna door hai,GENERIC,SHOW_NEAREST
nearest metro station kahan aata hai,GENERIC,SHOW_NEAREST
show nearest samaachaar patr vikreta,GENERIC,SHOW_NEAREST
pass ke paani ki shop kahaan hai,GENERIC,SHOW_NEAREST
paas wala kapade ki dhukhaan dikhao,GENERIC,SHOW_NEAREST
nearest cobbler shop kausna open hai aaj,GENERIC,SHOW_NEAREST
mujhe pasteries khaana hai,GENERIC,SHOW_NEAREST
mujhe paas wali daaru ki dukhaan batao,GENERIC,SHOW_NEAREST
mujhe bakery ka maarg dikhao,GENERIC,SHOW_NEAREST
pass mein dairy ki shop kahaan hai,GENERIC,SHOW_NEAREST
show me nearest metro ka station,GENERIC,SHOW_NEAREST
kahin paas mein chinese restaurant hai kya,GENERIC,SHOW_NEAREST
kahin paas mein mexican food milega hai kya,GENERIC,SHOW_NEAREST
kahin paas mein local food street hai kya,GENERIC,SHOW_NEAREST
bangalore mein local food street kahan padta hai,GENERIC,SHOW_NEAREST
mujhe chinese food khana hai,GENERIC,SHOW_NEAREST
mujhe momos paas mein kahan milega,GENERIC,SHOW_NEAREST
mujhe bakery ka pata do,GENERIC,SHOW_NEAREST
mujhe koi achi si pizza place ka pata do,GENERIC,SHOW_NEAREST
mujhe dominos ka pata dikhao,GENERIC,SHOW_NEAREST
paas wali waffles ki dukhaan ka pata do,GENERIC,SHOW_NEAREST
kahin paas mein waffles milega kya,GENERIC,SHOW_NEAREST
bhook lagi hai show nearest restuarant,GENERIC,SHOW_NEAREST
koi daaru ki mrp outlet khuli hai kya,GENERIC,SHOW_NEAREST
achi dosa kahan milega,GENERIC,SHOW_NEAREST
authentic dosa shop kaunsi hai bangalore mein,GENERIC,SHOW_NEAREST
health insurance kya hai,INSURANCE,HEALTH
health insurance kya hota hai,INSURANCE,HEALTH
kyu health insurance is important,INSURANCE,HEALTH
svaasthy beema kyon mahatvapoorn hai,INSURANCE,HEALTH
why is svaasthy beema important,INSURANCE,HEALTH
what is svaasthy beema,INSURANCE,HEALTH
kya svaasthy beema important hai,INSURANCE,HEALTH
What are the forms of svaasthy insurance available,INSURANCE,HEALTH
kaunse plans of health insurance are available,INSURANCE,HEALTH
kaunse forms of health insurance are available,INSURANCE,HEALTH
dikhao different plans of health insurance,INSURANCE,HEALTH
cashless facility kya hai,INSURANCE,HEALTH
svaasthy beema mein cashless facility kya hota hai,INSURANCE,HEALTH
what are the tax benefits that i can opt for if i take svaasthy beema,INSURANCE,HEALTH
kaunse tax benefits milate hai if i take health insurance,INSURANCE,HEALTH
do i get tax benefits agar i take health insurance,INSURANCE,HEALTH
agar main health insurance ka vikalp chunoon to mujhe kya laabh milenge,INSURANCE,HEALTH
agar main health insurance chunoon to mujhe kya tax benefits milenge,INSURANCE,HEALTH
kaunse factors affect health insurance premium,INSURANCE,HEALTH
which factors affect svaasthy beema premium,INSURANCE,HEALTH
dikhao different schemes of health insurance,INSURANCE,HEALTH
kaunse health insurance lena chahiye,INSURANCE,HEALTH
kya mujhe health insurance lena chahiye,INSURANCE,HEALTH
what does health beema not cover,INSURANCE,HEALTH
health insurance kya cover nahi karta,INSURANCE,HEALTH
health insurance mein kyy cover nahi hota hai,INSURANCE,HEALTH
kya waiting period hota hain for health insurance claims,INSURANCE,HEALTH
kitna time lagata hai for health insurance claim,INSURANCE,HEALTH
kitna samay lagata hai for health insurance claim,INSURANCE,HEALTH
kitna time lagata hai for health insurance claim karane mein,INSURANCE,HEALTH
"If my policy is not renewed in time before expiry date, kya renewal deny hoga",INSURANCE,HEALTH
agar mera policy is not renewed in time before expiry date will I be denied for renewal,INSURANCE,HEALTH
kya karna hai agar my health insurance has expired,INSURANCE,HEALTH
what to do agar health insurance has expired,INSURANCE,HEALTH
can i renew my expired svaasthy beema,INSURANCE,HEALTH
kya mein health insurance company change kar sakati hoon,INSURANCE,HEALTH
any one illness kya hota hai in health insurance,INSURANCE,HEALTH
ek saal mein kitne number of health insurance claims are allowed,INSURANCE,HEALTH
health insurance ke uses dikhao,INSURANCE,HEALTH
dikhao what does health insurance usually cover,INSURANCE,HEALTH
dikhao what does svaasthy beema usually cover,INSURANCE,HEALTH
is it okay to not have svaasthy beema,INSURANCE,HEALTH
do frauds happen in svaasthy beema,INSURANCE,HEALTH
kya health insurance xray cover karta hai,INSURANCE,HEALTH
kya health insurance scans and xray cover karta hai,INSURANCE,HEALTH
kya health insurance ultrasound cover karta hai,INSURANCE,HEALTH
kya health insurance MRI scans cover karta hai,INSURANCE,HEALTH
do health insurances cover existing rog too,INSURANCE,HEALTH
health insurance lene se pehele do you need medical checkup,INSURANCE,HEALTH
does health insurance cover saare expenses,INSURANCE,HEALTH
what is the age limit to buy svaasthy beema,INSURANCE,HEALTH
does svaasthy beema have age limit,INSURANCE,HEALTH
can anyone get a svaasthy beema,INSURANCE,HEALTH
kaunse beemaariyaan are covered in health insurance,INSURANCE,HEALTH
can i renew my svaasthy beema,INSURANCE,HEALTH
are there renewal charges for renewing expired svaasthy beema,INSURANCE,HEALTH
is it okay to not have svaasthy beema for old people,INSURANCE,HEALTH
kaunse age group should have health insurance,INSURANCE,HEALTH
kya health insurance zaroori hota hai,INSURANCE,HEALTH
kya travel insurance zaroori hai,INSURANCE,TRAVEL
kya uses hai travel insurance lene ke,INSURANCE,TRAVEL
travel insurance ka matlab kya hai,INSURANCE,TRAVEL
kya hai yeh travel insurance,INSURANCE,TRAVEL
why should i buy travel beema,INSURANCE,TRAVEL
mujhe travel insurance kyon khareedana chaahie,INSURANCE,TRAVEL
kyu travel insurance lena chahiye,INSURANCE,TRAVEL
why should i buy yatra beema,INSURANCE,TRAVEL
yatra beema ke uses batao,INSURANCE,TRAVEL
can i extend my yatra beema,INSURANCE,TRAVEL
kya main mera travel insurance extend kar sakata hoon,INSURANCE,TRAVEL
travel insurance ke lie minimum duration kitne days ka hai,INSURANCE,TRAVEL
is there minimum duration for yatra beema,INSURANCE,TRAVEL
agar travel insurance lena hain do i need medical checkup,INSURANCE,TRAVEL
is medical checkup neccessary before i buy a yatra beema,INSURANCE,TRAVEL
if i cut short my travel kya mujhe insurance refund milega,INSURANCE,TRAVEL
kya travel insurance refund hoga,INSURANCE,TRAVEL
what are the criterias to get a refund in yatra beema,INSURANCE,TRAVEL
agar i cancel my trip will i get travel insurance refunded,INSURANCE,TRAVEL
agar i miss my flight do i get travel insurance refund,INSURANCE,TRAVEL
do i get travel insurance refund agar i miss my train,INSURANCE,TRAVEL
kab travel insurance refund hota hai,INSURANCE,TRAVEL
what is the relation of visa aur travel insurance,INSURANCE,TRAVEL
should you have visa before applying for yatra beema,INSURANCE,TRAVEL
can you get yatra beema if you are an infant,INSURANCE,TRAVEL
age limit kya hai for travel insurance,INSURANCE,TRAVEL
i am 65 years old kya mujhe travel insurance milega,INSURANCE,TRAVEL
is yatra beema compulsory,INSURANCE,TRAVEL
is yatra beema specific to a trip,INSURANCE,TRAVEL
can i extend my yatra beema any time during the travel,INSURANCE,TRAVEL
in travel insurance thirs party administrator kaun hai,INSURANCE,TRAVEL
kaunse countries mein travel insurance compulsory hai,INSURANCE,TRAVEL
travel insurance zaroori hote hai kya,INSURANCE,TRAVEL
is it okay to not have a yatra beema,INSURANCE,TRAVEL
if i cancel my trip kya travel insurance refund hoga,INSURANCE,TRAVEL
if i postpone my travel kya same travel insurance applicable hoga,INSURANCE,TRAVEL
agar i cancel my trip will i lose my travel insurance money,INSURANCE,TRAVEL
travel insurance kyu khareedna chahiye,INSURANCE,TRAVEL
agar i am sick can i still get travel insurance,INSURANCE,TRAVEL
is it okay if mere paas travel insurance nahi hai,INSURANCE,TRAVEL
dikhao reasons why travel insurance khareedana chaahie,INSURANCE,TRAVEL
motor insurance zaroori hai kya,INSURANCE,MOTOR
is it okay for me to not buy motor insurance for my gaadi,INSURANCE,MOTOR
motor insurance ke uses kya hai,INSURANCE,MOTOR
motor insurance extend kar sakate hai kya,INSURANCE,MOTOR
can i change my gaadi ka insurance plan,INSURANCE,MOTOR
gaadi ka insurance lene zaroori hai kya,INSURANCE,MOTOR
dikhao motor insurance plans,INSURANCE,MOTOR
motor insurance kyu khareedna chahiye,INSURANCE,MOTOR
dikhao restrictions in motor insurance,INSURANCE,MOTOR
why should i insure my gaadi,INSURANCE,MOTOR
kyu car ka insurance karana hai,INSURANCE,MOTOR
kyu bike ka insurance karana hai,INSURANCE,MOTOR
kaunse type of motor insurance hote hai,INSURANCE,MOTOR
motor insurance mein no claim bonus kya hai,INSURANCE,MOTOR
are there discounts in motor insurance agar I reduce the premium,INSURANCE,MOTOR
motor insurance mein discounts kab milta hai,INSURANCE,MOTOR
is gaadi ka insurance compulsory,INSURANCE,MOTOR
can i change the details of my gaadi ka insurance,INSURANCE,MOTOR
can i get gaadi ka insurance for electric vehicles,INSURANCE,MOTOR
kya electric vehicles ko gaadi ka insurance milega,INSURANCE,MOTOR
my gaadi is 4 years old can i still get insurance,INSURANCE,MOTOR
can i get insurance if my gaadi is 5 years old,INSURANCE,MOTOR
does city of registration affect gaadi ka insurance,INSURANCE,MOTOR
Motor insurance kya hai,INSURANCE,MOTOR
vehicle insurance kya hai,INSURANCE,MOTOR
gaadi ka insurance kya hota hai,INSURANCE,MOTOR
do i get certificate for gaadi ka insurance,INSURANCE,MOTOR
is gaadi ka insurance restricted to a city,INSURANCE,MOTOR
is vehicle ka insurance restricted to a city,INSURANCE,MOTOR
is car ka insurance restricted to a city,INSURANCE,MOTOR
is electric vehicle ka insurance restricted to a city,INSURANCE,MOTOR
kaunse documents are required for motor insurance,INSURANCE,MOTOR
kaunse documents are required for vehicle insurance,INSURANCE,MOTOR
which documents are to be submitted for gaadi ke insurance,INSURANCE,MOTOR
how to claim insurance agar my gaadi is stolen,INSURANCE,MOTOR
how to claim insurance agar my car was stolen,INSURANCE,MOTOR
how to claim car insurance if it is stolen,INSURANCE,MOTOR
agar car insurance policy has expired what to do,INSURANCE,MOTOR
does city of registration matter while purchasing gaadi ka insurance,INSURANCE,MOTOR
third party car insurance kya hai,INSURANCE,MOTOR
can gaadi ka insurance be cancelled,INSURANCE,MOTOR
can gaadi ka insurance claim be rejected,INSURANCE,MOTOR
are natural calamities covered in gaadi ka insurance,INSURANCE,MOTOR
kya natural calamities be covered in a gaadi ka insurance,INSURANCE,MOTOR
can i claim gaadi ka insurance in accident cases,INSURANCE,MOTOR
agar gaadi ka accident hua ho toh can i claim insurance,INSURANCE,MOTOR
agar gaadi is stolen can i claim insurance,INSURANCE,MOTOR
can i transfer my gaadi ka insurance to another person,INSURANCE,MOTOR
kya gaadi ka insurance transferable hota hai,INSURANCE,MOTOR
motor insurance transferable hai kya,INSURANCE,MOTOR
car insurance ko transfer kaise kar sakate hai,INSURANCE,MOTOR
bike insurance ko claim kaise karein,INSURANCE,MOTOR
motor insurance ke details change kaise karein,INSURANCE,MOTOR
why do i need gaadi ka insurance,INSURANCE,MOTOR
benefits dikhao of buying motor insurance,INSURANCE,MOTOR
Book a bus ticket to Delhi ravivaar ko,BOOKING,TRAVEL_BOOKING
Book the bus tickets to Delhi aaj shaam ko,BOOKING,TRAVEL_BOOKING
Book a table for paanch log,BOOKING,RESTAURANT
Book a table for paanch people,BOOKING,RESTAURANT
Book the restaurant for pachchees people,BOOKING,RESTAURANT
Book rooms for chaar days,BOOKING,HOTEL
Book a cab to KR Market 10 baje,BOOKING,TRAVEL_BOOKING
Book 3 train tickets for Chennai kal raat ko,BOOKING,TRAVEL_BOOKING
Book a flight for 8 baje kal delhi ko,BOOKING,TRAVEL_BOOKING
Book bus tickets for 8 people Shanivar ko,BOOKING,TRAVEL_BOOKING
Book flight ticket dopahar ko,BOOKING,TRAVEL_BOOKING
Book a bus Rajput se Jaipur kal subah ko,BOOKING,TRAVEL_BOOKING
Bus ko ek ticket book karo Jaipur to Delhi,BOOKING,TRAVEL_BOOKING
Railgadi book karo Delhi to Bangalore,BOOKING,TRAVEL_BOOKING
Reserve a table to shanti sagar hotel,BOOKING,RESTAURANT
Reserve restaurant das baje ko at shanti sagar,BOOKING,RESTAURANT
restaurant ka booking kardo at nandhini,BOOKING,RESTAURANT
restaurant ka booking kardo panch log ko,BOOKING,RESTAURANT
Book theen railway ticket from Delhi to Bangalore,BOOKING,TRAVEL_BOOKING
Mera samne restaurant 8 o clock booking,BOOKING,RESTAURANT
Book gaadi from chamarajpet to indiranagar,BOOKING,TRAVEL_BOOKING
Reserve theen train tickets from delhi to bangalore,BOOKING,TRAVEL_BOOKING
Reserve chaar train tickets from delhi to chennai,BOOKING,TRAVEL_BOOKING
Reserve theen bus tickets from chennai to bangalore,BOOKING,TRAVEL_BOOKING
Reserve two train tickets from ooty to mysore,BOOKING,TRAVEL_BOOKING
Reserve ek train ticket from jaipur to mumbai,BOOKING,TRAVEL_BOOKING
Book train tickets for chaar people Shanivar ko,BOOKING,TRAVEL_BOOKING
Book table for 3 dopahar ko at orion mall,BOOKING,RESTAURANT
Reserve a bus Rajput se Jaipur kal subah ko,BOOKING,TRAVEL_BOOKING
Bus ka ek ticket book karo from bengaluru to ooty,BOOKING,TRAVEL_BOOKING
Reserve a table at shanti sagar for paanch log,BOOKING,RESTAURANT
Book the hall for pachchees log at Shearton hotel,BOOKING,RESTAURANT
Book a room for chaar days at taj hotel,BOOKING,HOTEL
Book a cab to Malleshwaram 4 baje ko tomorrow,BOOKING,TRAVEL_BOOKING
Reserve the table at paas wala hotel 8 baje,BOOKING,RESTAURANT
Book a gaadi from chamarajpet 4 baje to KR market,BOOKING,TRAVEL_BOOKING
Reserve theen flight tickets from delhi to bangalore,BOOKING,TRAVEL_BOOKING
Reserve five train tickets kal shaam delhi se bangalore,BOOKING,TRAVEL_BOOKING
Reserve the table at nandhini kal 4 baje,BOOKING,RESTAURANT
Book a gaadi from malleshwaram to indiranagar,BOOKING,TRAVEL_BOOKING
chaar logon ke lie table book karo at lalit ashok,BOOKING,RESTAURANT
book a room for chaar days at vivanta,BOOKING,HOTEL
book a room for ek dinn at vivanta,BOOKING,HOTEL
book a room in mumbai for saath dinn,BOOKING,HOTEL
room search karo in mumbai on 27th,BOOKING,HOTEL
room book karo in chennai on 25th,BOOKING,HOTEL
room search karo in goa on 29th,BOOKING,HOTEL
cheapest hotels dhoondo in hyderabad,BOOKING,HOTEL
luxury villa rooms dhoondo in cochin,BOOKING,HOTEL
book a room for Aath log in taj mumbai,BOOKING,HOTEL
search rooms for cheh log in punjab,BOOKING,HOTEL
search sabase sasta rooms in bangalore,BOOKING,HOTEL
sabase sasta rooms dhoondo for six people in indore,BOOKING,HOTEL
book rooms with breakfast in shimla for aath dinn,BOOKING,HOTEL
shimla to nainital ke liye gaadi book karo,BOOKING,TRAVEL_BOOKING
goa to dandeli ke liye ek gaadi book karo,BOOKING,TRAVEL_BOOKING
mujhe hubli to bangalore jaane ke lie gaadi book karo,BOOKING,TRAVEL_BOOKING
cheapest flights to pune dhoondo,BOOKING,TRAVEL_BOOKING
search sasta flights from mysore to mangalore,BOOKING,TRAVEL_BOOKING
Tehrah logon ke lie bus tickets to mandya book karo,BOOKING,TRAVEL_BOOKING
book kal subah ki bus tickets for 20 people,BOOKING,TRAVEL_BOOKING
kal raat ki train tickets to pondicherry book karo,BOOKING,TRAVEL_BOOKING
book shyam ki flight to goa,BOOKING,TRAVEL_BOOKING
book raat ki train to kolkata,BOOKING,TRAVEL_BOOKING
book kal subah ki train to jammu,BOOKING,TRAVEL_BOOKING
kal raat ki train to kashmir book karo,BOOKING,TRAVEL_BOOKING
search flight prices kolkata jaane ke liye,BOOKING,TRAVEL_BOOKING
mujhe hubli to dandeli jaane ke lie gaadi book karo,BOOKING,TRAVEL_BOOKING
mujhe hubli to dandeli jaane ke lie gaadi book karo,BOOKING,TRAVEL_BOOKING
aaj raat taj restauarant mein six people ke lie table book karo,BOOKING,RESTAURANT
Book table for 3 raat ko at orion mall,BOOKING,RESTAURANT
Book table for chaar log raat ko at mcd mantri mall,BOOKING,RESTAURANT
Book table for saath log at noon at krishna bhavana,BOOKING,RESTAURANT
reserve a table 5 log ke lie at mainland china,BOOKING,RESTAURANT
mainland china mein 7 log ke lie table book karo,BOOKING,RESTAURANT
mere lie 25th december ko hotel plaza mein do rooms book karo,BOOKING,HOTEL
hotel casina mein chaar logon ke lie room boom karo,BOOKING,HOTEL
delhi mein ek hotel room book karo,BOOKING,HOTEL
chaar logon ke lie hotel book karo at lalit ashok,BOOKING,HOTEL
book a room in taj for che log,BOOKING,HOTEL
reserve room for conference delhi hotel mein,BOOKING,HOTEL
reserve 5 star hotel room mumbai mein on 27th,BOOKING,HOTEL
reserve chaar star hotel mumbai mein on 27th february,BOOKING,HOTEL
reserve teen star hotel goa mein on 27th,BOOKING,HOTEL
delhi ko train book on 19th,BOOKING,TRAVEL_BOOKING
mumbai jane ke lie 19th ko ek bus book karo,BOOKING,TRAVEL_BOOKING
do logon ke lie 18th ko flight to mumbai book karo,BOOKING,TRAVEL_BOOKING
train tickets to goa from bangalore on 8th reserve karo,BOOKING,TRAVEL_BOOKING
teen bus tickets to goa from kerala reserve karo,BOOKING,TRAVEL_BOOKING
ek bus ticket to goa from kerala reserve karo,BOOKING,TRAVEL_BOOKING
goa jaane ke lie gaadi reserve karo,BOOKING,TRAVEL_BOOKING
book pondicherry jaane ke lie 6 flight tickets,BOOKING,TRAVEL_BOOKING
8 logon ke lie goa ki flight book karo on 16th,BOOKING,TRAVEL_BOOKING
aaj raat taj restauarant mein che people ke lie table book karo,BOOKING,RESTAURANT
aaj dopahar ko 3 people ka table in taj book karo,BOOKING,RESTAURANT
ek ticket to goa kal ke lie book karna,BOOKING,TRAVEL_BOOKING
ek bus ticket to dandeli book karna,BOOKING,TRAVEL_BOOKING
8 baje leela mein table book karna,BOOKING,RESTAURANT
6 baje shaam gayathri mein table reserve karna,BOOKING,RESTAURANT
9 baje mainland china mein 3 logon ke lie reservation karo,BOOKING,RESTAURANT
"I'd like to book a trip to Atlantis from Caprica on Saturday, August 13, 2016 for aath adults",BOOKING,VACATION
mujhe bus se jaana hai on the 17th of August,BOOKING,TRAVEL_BOOKING
book a teen dinn ka trip leaving from Melbourne on August 27,BOOKING,VACATION
"please mere lie ek trip book karna from Vancouver, Jamaica to Recife.",BOOKING,VACATION
me aur mere family want to take a trip to Kakariko Village.,BOOKING,VACATION
Hi mein Caprica se hu and am looking to book a vacation to Hyrule,BOOKING,VACATION
mujhe Busan se Las Vegas Wednesday August 17 ko jana hai,BOOKING,TRAVEL_BOOKING
meri help karo to find a trip to Philadelphia from Maceio.,BOOKING,VACATION
mein ek business trip book karna chahata hoon to New York from Mannheim,BOOKING,VACATION
I would like a vacation for chaar people in Mannheim from August 17 to September 7,BOOKING,VACATION
i am planning on booking a vacation soon August 27th ke aas paas,BOOKING,VACATION
teen adults and chaar kids looking for a vacation between August 18 and September 4,BOOKING,VACATION
mujhe caprica ke trips dikhao,BOOKING,VACATION
mein Boston jaana chahata hoon from Mos Eisley on August 15th.,BOOKING,VACATION
Hi im looking to make a chota sa trip from tampa and want to go to Dallas,BOOKING,VACATION
mein bangalore se hoon and looking to get away on a short trip this month,BOOKING,VACATION
I'd like to go to Manaus from Miami august 19th subah,BOOKING,VACATION
Hi. I am in dire need of a vacation. koi ache trips dikhao,BOOKING,VACATION
vacation to Long Beach August 25 ke dinn dikhao,BOOKING,VACATION
meri wife and mere lie honeymoon ke trips dikhao,BOOKING,VACATION
meri wife and mere lie honeymoon trips dikhao,BOOKING,VACATION
Hey Im looking for a nice get away trips kya aap help kar sakate ho,BOOKING,VACATION
police mere peeche hai and I need to leave Kobe on August 27,BOOKING,VACATION
"Hi we're from Miami hamein paris jaana ka, can you help out with trips?",BOOKING,VACATION
mujhe Fukuoka ke vacation trips dikhao,BOOKING,VACATION
I'd like to plan a honeymoon in Naples for das dinn leaving from Madrid on August 17,BOOKING,VACATION
Hi i want to plan mera honeymoon rome mein,BOOKING,VACATION
"Hi im from Houston and i want to go to San Antonio, but i have strict dates kya aap help kar sakate ho",BOOKING,VACATION
Hi im from Los Angeles jo ache vacation trips dhoondh raha hai,BOOKING,VACATION
kya aap vacation packages leaving from Portland dikha sakate ho,BOOKING,VACATION
mujhe vacation trips on August 26th chahiye,BOOKING,VACATION
i am looking for a vacation agale mahine mein,BOOKING,VACATION
mujhe baltimore ke trip ke details chahiye,BOOKING,VACATION
koi trips hai kya from Godric's Hollow on August 13th.,BOOKING,VACATION
mere chaar best friends aur mein are looking for a trip to Neverland on August 16,BOOKING,VACATION
"Hi im from Barkcelona, looking for a teen dinn ka trip",BOOKING,VACATION
hey i have pandraha kids. We want a trip to bangalore,BOOKING,VACATION
I'd like to book a trip from Chicago to San Diego on satraha december,BOOKING,VACATION
mujhe trip packages to san antonio dikhao,BOOKING,VACATION
koi achi si vacation trips dikhao,BOOKING,VACATION
"Hello, I want to book a gaadi to Coruscant.",BOOKING,TRAVEL_BOOKING
"Hey, I'm looking to find bus ki ticket from Valencia to Osaka.",BOOKING,TRAVEL_BOOKING
kya ek Naples ki achi package dikha sakate ho,BOOKING,VACATION
san antonio ki gaadi book kardo,BOOKING,TRAVEL_BOOKING
book bus ki tickets for spring break for chaar people.,BOOKING,TRAVEL_BOOKING
hi I am burnt out mujhe achi vacation chahiye,BOOKING,VACATION
hamein kahi wild jaana hai like San Juan trips,BOOKING,VACATION
Hi! I'm looking to book a trip from Termina to Atlantis with my family of chaar adults and saat kids,BOOKING,VACATION
mujhe bus ticket from Madrid book karni hai,BOOKING,TRAVEL_BOOKING
mujhe flight ki ticket from Madrid reserve karni hai,BOOKING,TRAVEL_BOOKING
